{
	"formatVersion": 2,
	"appVersion": "0.61.4-beta",
	"files": [
		{
			"noteId": "EsAd1buso9xD",
			"notePath": [
				"EsAd1buso9xD"
			],
			"isClone": false,
			"title": "Trilium-Heatmap",
			"notePosition": 20,
			"prefix": null,
			"isExpanded": true,
			"type": "render",
			"mime": "",
			"dirFileName": "Trilium-Heatmap",
			"noImport": false,
			"attributes": [
				{
					"type": "relation",
					"name": "renderNote",
					"value": "gvDwGs2kn9uL",
					"isInheritable": false,
					"position": 10
				}
			],
			"attachments": [],
			"children": [
				{
					"noteId": "gvDwGs2kn9uL",
					"notePath": [
						"EsAd1buso9xD",
						"gvDwGs2kn9uL"
					],
					"isClone": false,
					"title": "html",
					"notePosition": 10,
					"prefix": null,
					"isExpanded": true,
					"type": "code",
					"mime": "text/html",
					"dataFileName": "html.html",
					"dirFileName": "html",
					"noImport": false,
					"attributes": [],
					"attachments": [],
					"children": [
						{
							"noteId": "bnxbSTIrr51I",
							"notePath": [
								"EsAd1buso9xD",
								"gvDwGs2kn9uL",
								"bnxbSTIrr51I"
							],
							"isClone": false,
							"title": "js",
							"notePosition": 10,
							"prefix": null,
							"isExpanded": true,
							"type": "code",
							"mime": "application/javascript;env=frontend",
							"dataFileName": "js.js",
							"dirFileName": "js",
							"noImport": false,
							"attributes": [],
							"attachments": [],
							"children": [
								{
									"noteId": "u0WS9d5CrTUg",
									"notePath": [
										"EsAd1buso9xD",
										"gvDwGs2kn9uL",
										"bnxbSTIrr51I",
										"u0WS9d5CrTUg"
									],
									"isClone": false,
									"title": "getDatas",
									"notePosition": 10,
									"prefix": null,
									"isExpanded": true,
									"type": "code",
									"mime": "application/javascript;env=frontend",
									"dataFileName": "getDatas.js",
									"noImport": false,
									"attributes": [
										{
											"type": "label",
											"name": "heatmapDatas",
											"value": "",
											"isInheritable": false,
											"position": 10
										}
									],
									"attachments": []
								},
								{
									"noteId": "bAZQv4ie9xjh",
									"notePath": [
										"EsAd1buso9xD",
										"gvDwGs2kn9uL",
										"bnxbSTIrr51I",
										"bAZQv4ie9xjh"
									],
									"isClone": false,
									"title": "setHistoryCount",
									"notePosition": 20,
									"prefix": null,
									"isExpanded": false,
									"type": "code",
									"mime": "application/javascript;env=frontend",
									"dataFileName": "setHistoryCount.js",
									"noImport": false,
									"attributes": [
										{
											"type": "label",
											"name": "run",
											"value": "frontendStartup",
											"isInheritable": false,
											"position": 10
										}
									],
									"attachments": []
								},
								{
									"noteId": "RY96Wnfbi1BG",
									"notePath": [
										"EsAd1buso9xD",
										"gvDwGs2kn9uL",
										"bnxbSTIrr51I",
										"RY96Wnfbi1BG"
									],
									"isClone": false,
									"title": "d3",
									"notePosition": 30,
									"prefix": null,
									"isExpanded": false,
									"type": "file",
									"mime": "application/javascript",
									"dataFileName": "d3.js",
									"noImport": false,
									"attributes": [
										{
											"type": "label",
											"name": "originalFileName",
											"value": "d3",
											"isInheritable": false,
											"position": 10
										},
										{
											"type": "label",
											"name": "archived",
											"value": "",
											"isInheritable": false,
											"position": 20
										}
									],
									"attachments": []
								}
							]
						}
					]
				}
			]
		},
		{
			"noImport": true,
			"dataFileName": "navigation.html"
		},
		{
			"noImport": true,
			"dataFileName": "index.html"
		},
		{
			"noImport": true,
			"dataFileName": "style.css"
		}
	]
}